text,sentiment,sentiment_score,source,cluster,theme
stranger things: tales from ‘85 | official teaser | netflix (youtu.be),Negative,,,4,Nostalgia & Emotion
discussionstranger things season 5 episode discussion hub (self.strangerthings),Neutral,,,0,Eleven Survival Theories
"discussionthe cheering in this scene makes absolutely 0 sense, regardless of dustin's speech (i.redd.it)",Positive,,,1,Ending Dissatisfaction
guys i found the door 🚪 in gym (i.redd.it),Neutral,,,1,Ending Dissatisfaction
was barb right or wrong here? (i.redd.it),Negative,,,1,Ending Dissatisfaction
mike’s college dorm (i.redd.it),Neutral,,,1,Ending Dissatisfaction
discussioni've seen quite a few people suggest that they would've preferred a more grounded and realistic approach when it came to will's coming out scene due to the issues surrounding homosexuality in the 1980s - do you agree and if so how do you think this could've been best approached? (i.redd.it),Positive,,,1,Ending Dissatisfaction
look what finally came in (old.reddit.com),Neutral,,,3,Writing Criticism
"murray vs yuri is an underrated rivalry. murray didn't *need* to go to russia, but he did. hopper owes him big time (v.redd.it)",Neutral,,,1,Ending Dissatisfaction
spoilersvecna.. (i.redd.it),Neutral,,,1,Ending Dissatisfaction
how in the world did erica even get away with this?😭 (old.reddit.com),Neutral,,,3,Writing Criticism
was thrifting and found an exact replica of steve's jacket (old.reddit.com),Neutral,,,3,Writing Criticism
the abyss was cold (self.strangerthings),Neutral,,,0,Eleven Survival Theories
spoilerswhy did jonathan and nancy find melted army dudes and clean air? (self.strangerthings),Positive,,,0,Eleven Survival Theories
"discussionjust finished the entire journey (s1-s5). my heart is heavy, but hawkins will live forever. [spoilers] (self.strangerthings)",Neutral,,,0,Eleven Survival Theories
they did it (v.redd.it),Neutral,,,1,Ending Dissatisfaction
spoilersfunny to think how different the lore of the series would have been if the the lost sister episode had been better received. (self.strangerthings),Positive,,,0,Eleven Survival Theories
st pizza (self.strangerthings),Neutral,,,0,Eleven Survival Theories
"what if mike got kidnapped, instead of holly? (self.strangerthings)",Neutral,,,0,Eleven Survival Theories
discussionthis is for mother steve harrlington | steve edit (v.redd.it),Neutral,,,1,Ending Dissatisfaction
official character posters for 'stranger things: tales from '85' (old.reddit.com),Neutral,,,3,Writing Criticism
s4 and s5 abandoned the 1980s theme (self.strangerthings),Negative,,,0,Eleven Survival Theories
great prequel (self.strangerthings),Positive,,,0,Eleven Survival Theories
discussionhow different would seasons 4 and 5 play out if hopper really did die at the end of season 3? (i.redd.it),Negative,,,1,Ending Dissatisfaction
discussionlenora hills? (self.strangerthings),Neutral,,,0,Eleven Survival Theories
spoilerscharacters’ lives after the show (self.strangerthings),Neutral,,,0,Eleven Survival Theories
discussionthe deaths in season 4 and 5 are terrifying. (self.strangerthings),Negative,,,0,Eleven Survival Theories
look what i have (i.redd.it),Neutral,,,1,Ending Dissatisfaction
spoilersi'm so sad she never got to watch the disney renaissance and dreamworks films (i.redd.it),Negative,,,1,Ending Dissatisfaction
discussionjoyce’s best moment (self.strangerthings),Positive,,,0,Eleven Survival Theories
three waterfalls soundtrack (v.redd.it),Neutral,,,1,Ending Dissatisfaction
spoilersmy mom started season 4 and boy is she in a tizzy hahahaha (old.reddit.com),Neutral,,,3,Writing Criticism
discussiontitle: here are my stranger things season 5? predictions (no spoilers) (self.strangerthings),Neutral,,,4,Nostalgia & Emotion
"discussionan example of plot armor before season 5! like, why didn't he just kill hopper in this scene? (v.redd.it)",Positive,,,1,Ending Dissatisfaction
mileven as clois (i.redd.it),Neutral,,,1,Ending Dissatisfaction
discussionstranger things 5 wasn't that bad it was the duffer brothers comments and our own expectation that ruined it. (self.strangerthings),Negative,,,0,Eleven Survival Theories
fan artstranger things x a christmas story. (i.redd.it),Positive,,,1,Ending Dissatisfaction
discussionim not really excited for the cartoon (self.strangerthings),Negative,,,0,Eleven Survival Theories
which family was better cast in terms of looks and actually resembled each other more? (old.reddit.com),Positive,,,3,Writing Criticism
fan art4$ thrift store find ! (old.reddit.com),Positive,,,3,Writing Criticism
spoilershot take: the ending scene was a perfect scene to end the series and is one of the top scenes in the whole series (self.strangerthings),Positive,,,0,Eleven Survival Theories
"describe will's epilogue haircut very, very badly (i.redd.it)",Negative,,,1,Ending Dissatisfaction
10 years ago i fell in love with stranger things… (i.redd.it),Positive,,,2,Upside Down Lore
need help finding a certain segment from wsqk the squawk's broadcast (self.strangerthings),Positive,,,0,Eleven Survival Theories
mike got bullied in school for being “ugly” and yet his parents were canonically the hottest it-couple in their class (i.redd.it),Negative,,,1,Ending Dissatisfaction
memewth are they looking at ??😭😭 (old.reddit.com),Neutral,,,3,Writing Criticism
the duffers do not hate eleven (or why they left the door open 3 inches) (self.strangerthings),Positive,,,0,Eleven Survival Theories
discussionmy imdb ratings after rewatching the entire series (i.redd.it),Neutral,,,1,Ending Dissatisfaction
what do you think they were reading in this scene? (i.redd.it),Neutral,,,1,Ending Dissatisfaction
discussionels true rival? (self.strangerthings),Positive,,,0,Eleven Survival Theories
spoilersso what exactly was this vecna world going to be like? (self.strangerthings),Positive,,,0,Eleven Survival Theories
spoilersmy vision for the stranger things finale (self.strangerthings),Positive,,,4,Nostalgia & Emotion
tales from '85? (i.redd.it),Neutral,,,1,Ending Dissatisfaction
"spoilerswhat are some ""plot holes"" in the final season that aren't actually plot holes? (self.strangerthings)",Neutral,,,0,Eleven Survival Theories
"the lovely kate bush explains the meaning of ""running up that hill"" (v.redd.it)",Positive,,,1,Ending Dissatisfaction
"i don't think the final was bad, i just don't think it lived up to season 4's really in any way. (i.redd.it)",Negative,,,1,Ending Dissatisfaction
discussionrobin’s best moment (self.strangerthings),Positive,,,0,Eleven Survival Theories
"discussionalright that’s enough hate, can we actually glaze the show for what it is? (self.strangerthings)",Negative,,,0,Eleven Survival Theories
"discussionseason 2, chapter 7: the lost sister (self.strangerthings)",Negative,,,0,Eleven Survival Theories
did fire and thunder disfigure henry into vecna or ? (self.strangerthings),Negative,,,0,Eleven Survival Theories
discussionwhat if stranger things ended at season 2 and became an anthology later on? (self.strangerthings),Neutral,,,4,Nostalgia & Emotion
separate ways lyrics foreshadowing what happens to lucas and max (i.redd.it),Neutral,,,1,Ending Dissatisfaction
fan artstrangerart (old.reddit.com),Positive,,,3,Writing Criticism
"""so vecna has already spoken to will and gone back in the upside down, why are there 8 minutes left?"" ... (old.reddit.com)",Neutral,,,3,Writing Criticism
let's revisit the entire series (self.strangerthings),Neutral,,,0,Eleven Survival Theories
how the hell didn't vecna know the gov used the ud.... (self.strangerthings),Negative,,,0,Eleven Survival Theories
all of the kids working together to come up with genius plans is what made stranger things so special (v.redd.it),Positive,,,4,Nostalgia & Emotion
spoilersrewriting episode 2 of stranger things season 5 (self.strangerthings),Neutral,,,4,Nostalgia & Emotion
discussionquestion about s1e8 (self.strangerthings),Neutral,,,0,Eleven Survival Theories
would you have liked to see a prom-themed episode in season 5? (i.redd.it),Positive,,,1,Ending Dissatisfaction
"the shootout in the byers house is an example of a ""shootout scene"" done right (v.redd.it)",Neutral,,,1,Ending Dissatisfaction
old slovak tv series from communistic era about kids meeting an alien girl kinda gives stranger things vibes lol. (v.redd.it),Positive,,,4,Nostalgia & Emotion
fan arteye of vecna (i.redd.it),Positive,,,1,Ending Dissatisfaction
season 5 deaths. (self.strangerthings),Neutral,,,0,Eleven Survival Theories
would mike be interested in literature and what kind? (self.strangerthings),Positive,,,0,Eleven Survival Theories
discussioni can't get over the lighting in season 5 (self.strangerthings),Neutral,,,0,Eleven Survival Theories
people keep complaining about the plot armor in season 5 when really the plot armor has existed before then! (old.reddit.com),Negative,,,3,Writing Criticism
discussionhow would things be different if these were our demogorgons? (i.redd.it),Neutral,,,1,Ending Dissatisfaction
discussionthe parallels between season 1 and 5 (self.strangerthings),Neutral,,,0,Eleven Survival Theories
discussionwhy isn't the army trying to find nancy after spotting eleven in episode 2 of season 5? (i.redd.it),Neutral,,,1,Ending Dissatisfaction
discussioneleven our favourite thief 🤣 (i.redd.it),Negative,,,1,Ending Dissatisfaction
"fan artstranger things, art by sambrk, 2026 (oc) (i.redd.it)",Positive,,,1,Ending Dissatisfaction
discussionmy biggest issue with mike and lucas is that they were written in a way that the only interesting things about them was their girlfriends... (i.redd.it),Positive,,,1,Ending Dissatisfaction
discussionnancy wheeler’s best moment (self.strangerthings),Positive,,,0,Eleven Survival Theories
discussioni can really tell the duffers tried to make suck my fat one a popular saying but failed 😭😭 (self.strangerthings),Negative,,,0,Eleven Survival Theories
discussionso...it was just a coincidence? (i.redd.it),Neutral,,,1,Ending Dissatisfaction
"spoilerson complaints, characterization, and the ending of the stranger things era: my thoughts (self.strangerthings)",Negative,,,4,Nostalgia & Emotion
reflections on character growth in stranger things (self.strangerthings),Positive,,,4,Nostalgia & Emotion
spoilerswill ever duffers reveal if eleven you know. (self.strangerthings),Neutral,,,0,Eleven Survival Theories
mike asking the important questions (i.redd.it),Positive,,,1,Ending Dissatisfaction
"jason is ""racist"" (argument) (self.strangerthings)",Neutral,,,0,Eleven Survival Theories
why does my random sketch done in history class look like el haha or it doesn’t idk (i.redd.it),Positive,,,1,Ending Dissatisfaction
discussionmusical analysis of the motifs of the bad guys in st (self.strangerthings),Negative,,,0,Eleven Survival Theories
behind the scenes.season 4 behind the scenes at the byer's house. (i.redd.it),Neutral,,,1,Ending Dissatisfaction
"just want to add my opinion to the internet that i thought the final season, and the final episode, were fantastic (self.strangerthings)",Positive,,,0,Eleven Survival Theories
spoilersstranger things s1 ep1 personal review/rating (i.redd.it),Neutral,,,1,Ending Dissatisfaction
discussionhow did henry just so happen to get blasted to the location of the mind flayer? (spoilers) (i.redd.it),Neutral,,,1,Ending Dissatisfaction
stranger things gave my favorite youtuber a midlife crisis (i.redd.it),Negative,,,4,Nostalgia & Emotion
does anyone have any idea exactly how void works? (self.strangerthings),Neutral,,,0,Eleven Survival Theories
discussionmy favorite beast! the demagogue! (old.reddit.com),Positive,,,3,Writing Criticism
i made my own version (i.redd.it),Neutral,,,1,Ending Dissatisfaction
spoilersthe mind flayer world... (i.redd.it),Neutral,,,1,Ending Dissatisfaction
"discussionjust finished the series. i am now broken, thanks. (self.strangerthings)",Negative,,,0,Eleven Survival Theories
fan artdemogorgon art (i.redd.it),Positive,,,1,Ending Dissatisfaction
"discussionthey absolutely must release the complete series on dvd. netflix and the duffer brothers, please do it! (i.redd.it)",Positive,,,1,Ending Dissatisfaction
discussionwait what (old.reddit.com),Neutral,,,3,Writing Criticism
discussionwhat if the price twins reprised their roles as holly in season 5 instead? (i.redd.it),Neutral,,,1,Ending Dissatisfaction
discussionrewriting stranger things season 5 (starting with episode 1) (self.strangerthings),Neutral,,,4,Nostalgia & Emotion
discussionso i need to settle a debate (self.strangerthings),Neutral,,,0,Eleven Survival Theories
spoilersdoes the party believe... (self.strangerthings),Positive,,,0,Eleven Survival Theories
discussionjonathon’s best moment (self.strangerthings),Positive,,,0,Eleven Survival Theories
discussioni crashed out so hard when the news called this an earthquake… (i.redd.it),Negative,,,1,Ending Dissatisfaction
"discussioni may very well be misunderstanding, but shouldn't the gates lead to the other side? (self.strangerthings)",Negative,,,0,Eleven Survival Theories
top 10 character arcs and developments imo… (old.reddit.com),Positive,,,3,Writing Criticism
i wish the gang had a carnival scene together in season 3 (self.strangerthings),Positive,,,0,Eleven Survival Theories
discussioncan someone explain the argument scene between mike and hopper at the end of season 2 ? (self.strangerthings),Negative,,,0,Eleven Survival Theories
(iso) will's s5 shirt (i.redd.it),Neutral,,,1,Ending Dissatisfaction
this was my favorite reference/ homage in stranger things: (v.redd.it),Positive,,,4,Nostalgia & Emotion
i honestly don't know how this could get any worse. (self.strangerthings),Neutral,,,0,Eleven Survival Theories
discussionwhich antagonist was the most misunderstood? (i.redd.it),Negative,,,1,Ending Dissatisfaction
just finished the series. and i have some things to say about the ending... (self.strangerthings),Neutral,,,0,Eleven Survival Theories
"discussioni know this is probably the coldest, stalest take imaginable but i think they should've just split s4e9 into two episodes and tied up the loose ends, with no cliffhanger or season 5 (i.redd.it)",Negative,,,1,Ending Dissatisfaction
discussioni'm very torn on kali/8(season 5 spoilers) (self.strangerthings),Negative,,,0,Eleven Survival Theories
"discussiondamn, the actors really did put far more thought into their characters than the duffers ever did 😭 (i.redd.it)",Neutral,,,1,Ending Dissatisfaction
discussionwhat is this decoration? (old.reddit.com),Neutral,,,3,Writing Criticism
fan artumh billy fanart and my oc... (i.redd.it),Positive,,,1,Ending Dissatisfaction
discussionthoughts? (self.strangerthings),Neutral,,,0,Eleven Survival Theories
tales from '85 concept art (i.redd.it),Neutral,,,1,Ending Dissatisfaction
shifting focus away from the byers was a mistake (self.strangerthings),Negative,,,0,Eleven Survival Theories
one of the biggest unanswered questions… (i.redd.it),Neutral,,,1,Ending Dissatisfaction
you guys see it too right? (old.reddit.com),Neutral,,,3,Writing Criticism
spoilersthe voices in my head (v.redd.it),Neutral,,,1,Ending Dissatisfaction
discussiontell me your fav character without saying their name. (self.strangerthings),Positive,,,0,Eleven Survival Theories
in the void by lyn_hui. (finn wolfhard also liked this artwork) (old.reddit.com),Positive,,,3,Writing Criticism
discussionare there any characters you wish had more interactions? (self.strangerthings),Positive,,,0,Eleven Survival Theories
he was so cutee (i.redd.it),Neutral,,,1,Ending Dissatisfaction
spoilershot take (self.strangerthings),Neutral,,,0,Eleven Survival Theories
merch and all (self.strangerthings),Neutral,,,0,Eleven Survival Theories
"soooo i watched the season finale of stranger thing and i didn't hate it. in fact it was pretty good like a solid 8.9/10. i think the problem is that people should watch this like idk 3 or more times to get it, but hey that's just me (i.redd.it)",Positive,,,2,Upside Down Lore
discussionsteve’s best moment (self.strangerthings),Positive,,,0,Eleven Survival Theories
cookies! (i.redd.it),Neutral,,,1,Ending Dissatisfaction
"first image made me cry because the scene was sick as hell, second made me cry because it was sad as hell (old.reddit.com)",Negative,,,3,Writing Criticism
fan art💙stranger things converse♥️ (old.reddit.com),Positive,,,3,Writing Criticism
seriously tho they didn't think of this ? (old.reddit.com),Negative,,,3,Writing Criticism
"spoilerss5e6 melting building scene - jonathan and nancy’s clothes should have solidified, too. (self.strangerthings)",Neutral,,,0,Eleven Survival Theories
natalia is so underrated (self.strangerthings),Neutral,,,0,Eleven Survival Theories
"spoilershaha will, we always knew that (i.redd.it)",Neutral,,,1,Ending Dissatisfaction
my sisters got to meet matt duffer at disney today (i.redd.it),Neutral,,,1,Ending Dissatisfaction
"discussionfirst time watching stranger things! just finished season 4, episode 7 and i am shocked. (self.strangerthings)",Negative,,,4,Nostalgia & Emotion
"discussioni miss the time of the first 4 seasons, netflix could change its mind and make season 6 (self.strangerthings)",Negative,,,0,Eleven Survival Theories
"girlfriends, why? (i.redd.it)",Neutral,,,1,Ending Dissatisfaction
thought id make a few missing lego sticker accessories for max (i.redd.it),Negative,,,1,Ending Dissatisfaction
question how many people here believe that stranger things is the best tv show ever created (i.redd.it),Positive,,,4,Nostalgia & Emotion
discussionhow would billy have flirted if ted answered the door in season 2? (self.strangerthings),Negative,,,0,Eleven Survival Theories
"despite both being new characters in s4, i really enjoyed this scene between them (i.redd.it)",Positive,,,1,Ending Dissatisfaction
discussionwhat is your vecna song? (self.strangerthings),Neutral,,,0,Eleven Survival Theories
fan artdiy stranger things running demogorgon paper craft (v.redd.it),Positive,,,4,Nostalgia & Emotion
stranger things model un committee (self.strangerthings),Neutral,,,4,Nostalgia & Emotion
spoilersmy take on a s5 rewrite (self.strangerthings),Neutral,,,0,Eleven Survival Theories
toppsnow value? (i.redd.it),Positive,,,1,Ending Dissatisfaction
szn 3 finale (self.strangerthings),Neutral,,,0,Eleven Survival Theories
11/10 closed captioning (i.redd.it),Neutral,,,2,Upside Down Lore
discussionso rewatching season 5 (self.strangerthings),Neutral,,,0,Eleven Survival Theories
max originally from san diego? (self.strangerthings),Neutral,,,0,Eleven Survival Theories
spoilersjoyce's role in the finale (self.strangerthings),Neutral,,,0,Eleven Survival Theories
discussionpart 2 of which looks is your favorite (if you didn't see part 1 go see it first) (old.reddit.com),Positive,,,3,Writing Criticism
i really expected to hear him say “i’m gay” even as he’s coming out he couldn’t just say those two simple words. (i.redd.it),Neutral,,,1,Ending Dissatisfaction
discussiondoes anyone else think dustin’s hair being shorter in the epilogue has symbolism to do with dustin coming to terms with eddies death? (i.redd.it),Negative,,,1,Ending Dissatisfaction
omg😭 (i.redd.it),Neutral,,,1,Ending Dissatisfaction
little 'on the spot' meme work going on... (i.redd.it),Neutral,,,1,Ending Dissatisfaction
how was max added to the show? (self.strangerthings),Neutral,,,0,Eleven Survival Theories
discussionstranger things x chips ahoy sweepstakes prizes (old.reddit.com),Positive,,,3,Writing Criticism
mike and will - fleabag edition (old.reddit.com),Neutral,,,3,Writing Criticism
fan arthow do you rate my demogorgon drawing? (i.redd.it),Positive,,,1,Ending Dissatisfaction
discussionthe anthology stuff never really went away (self.strangerthings),Neutral,,,0,Eleven Survival Theories
discussionhow did hopper get captured in season 3? (self.strangerthings),Neutral,,,0,Eleven Survival Theories
discussionmr. whatsit is undervalued in season 5 (i.redd.it),Neutral,,,1,Ending Dissatisfaction
"""good guy demogorgon"" - that time the demogorgon saved the day (v.redd.it)",Positive,,,1,Ending Dissatisfaction
why i love hopper 💕 💕 💗 💗 (v.redd.it),Positive,,,2,Upside Down Lore
discussionmy top 10 best moments in strangers things 1-5 (i.redd.it),Positive,,,2,Upside Down Lore
the stranger things: the first shadow year 2 cast is confirmed. (old.reddit.com),Neutral,,,3,Writing Criticism
so like would a stranger things mmo be good? (self.strangerthings),Positive,,,4,Nostalgia & Emotion
discussioni like season five but would have liked more scene between the originals (i.redd.it),Positive,,,1,Ending Dissatisfaction
spoilerswere big parts the storyline of season 3+4 really necessary? (self.strangerthings),Neutral,,,0,Eleven Survival Theories
discussionunpopular opinion season 4 (self.strangerthings),Neutral,,,0,Eleven Survival Theories
will byers report card from season 2. thoughts? (i.redd.it),Neutral,,,1,Ending Dissatisfaction
discussionhottest of the hot takes (self.strangerthings),Neutral,,,0,Eleven Survival Theories
stranger things yearbook quote (self.strangerthings),Neutral,,,4,Nostalgia & Emotion
spoilerssome nice foreshadowing for the s5 finale by lucas in s4 (i.redd.it),Positive,,,1,Ending Dissatisfaction
would the party have a chance against the smile entity? (old.reddit.com),Positive,,,3,Writing Criticism
the gangs secrecy puts all civilians in danger (self.strangerthings),Negative,,,0,Eleven Survival Theories
discussionthis is the most underrated originals soundtrack of all stranger things; it's so epic. (v.redd.it),Neutral,,,4,Nostalgia & Emotion
discussionwho cares about milevan vs. byler! anyways the shipping war has ruined the fandom (self.strangerthings),Negative,,,0,Eleven Survival Theories
fan artdemogorgon artwork (i.redd.it),Positive,,,1,Ending Dissatisfaction
80's vibesolympics and stranger things (self.strangerthings),Neutral,,,4,Nostalgia & Emotion
discussionremember when the demogorgon used to teleport? what happened to that? (self.strangerthings),Neutral,,,0,Eleven Survival Theories
spoilersjonathan and lucas are both very underrated characters. and i’m glad that had their heroic moments in the finale (self.strangerthings),Positive,,,0,Eleven Survival Theories
duffer brothers offer their thoughts on why dr. kay & military just up and left (i.redd.it),Neutral,,,1,Ending Dissatisfaction
fan theorywhat if soteria supressed the influence of the mindflayer? (self.strangerthings),Positive,,,0,Eleven Survival Theories
which one was your favorite stranger things outfit (old.reddit.com),Positive,,,3,Writing Criticism
did vecna target anyone over 18? (self.strangerthings),Neutral,,,0,Eleven Survival Theories
"even with hopper’s progressions and regressions, i still love his overall arc and character and ending! ❤️ 💕 💗 (old.reddit.com)",Positive,,,3,Writing Criticism
steve and max are my favourite characters:eddie’s overrated. (i.redd.it),Neutral,,,1,Ending Dissatisfaction
discussionso..big question! (self.strangerthings),Neutral,,,0,Eleven Survival Theories
discussionwill's connection to the hive mind is embarrassingly inconsistent. (old.reddit.com),Negative,,,3,Writing Criticism
did they really have curfew at 4:00? (i.redd.it),Neutral,,,1,Ending Dissatisfaction
discussionam i the only one who thought of this? (old.reddit.com),Neutral,,,3,Writing Criticism
discussionone of my biggest issues with stranger things season 5 for me is the lack of a consistent tone or aesthetic. (i.redd.it),Negative,,,4,Nostalgia & Emotion
happy 22nd birthday to millie! (i.redd.it),Positive,,,1,Ending Dissatisfaction
discussionthis is so beautiful (art by nikkotari on instagram). (old.reddit.com),Positive,,,3,Writing Criticism
discussionquestion on store name (self.strangerthings),Neutral,,,0,Eleven Survival Theories
discussionthe s5 mind flayer makes no sense. (old.reddit.com),Negative,,,3,Writing Criticism
discussionhopper's speech to el can work to anyone who's not doing well psychologically (v.redd.it),Negative,,,1,Ending Dissatisfaction
"it was the most liked netflix post on instagram (now 2nd after bts), not just on stranger things (i.redd.it)",Positive,,,4,Nostalgia & Emotion
discussionseason 5 (self.strangerthings),Neutral,,,0,Eleven Survival Theories
"putting together a ""continuation"" of wsqk the squawk! (i.redd.it)",Neutral,,,1,Ending Dissatisfaction
stranger things on ice (self.strangerthings),Neutral,,,4,Nostalgia & Emotion
"i love nancy's reaction when jonathan says ""maybe you missed?"" after shooting the exotic matter (i.redd.it)",Positive,,,2,Upside Down Lore
discussionstranger things revisions: the upside down (i.redd.it),Neutral,,,1,Ending Dissatisfaction
discussionwas max’s jaw not broken like vecna’s other victims? (self.strangerthings),Negative,,,0,Eleven Survival Theories
spoilersjust finished - wow (self.strangerthings),Positive,,,0,Eleven Survival Theories
never seen stranger things (self.strangerthings),Neutral,,,4,Nostalgia & Emotion
“am i dreaming or is that you harrington?” (i.redd.it),Neutral,,,1,Ending Dissatisfaction
"fan artdemogorgon - upside down forest - digital stained glass landscape - by me, 2026 (i.redd.it)",Positive,,,1,Ending Dissatisfaction
spoilersmike’s explanation of eleven’s fate is true (self.strangerthings),Positive,,,0,Eleven Survival Theories
s4e7 hot (?) take (self.strangerthings),Neutral,,,0,Eleven Survival Theories
the duffer brothers must've suffered from some sort of burnout when writing and filming season 5 (self.strangerthings),Negative,,,0,Eleven Survival Theories
memeshmmm… (i.redd.it),Neutral,,,1,Ending Dissatisfaction
discussionhow i would have ended the series (self.strangerthings),Neutral,,,0,Eleven Survival Theories
fan artraretempter on instagram (i.redd.it),Positive,,,1,Ending Dissatisfaction
mike all of season 2 (i.redd.it),Neutral,,,1,Ending Dissatisfaction
"discussionyeah no, its 100% the mind flayer. (i.redd.it)",Negative,,,1,Ending Dissatisfaction
discussionseason 5 episode 8 (self.strangerthings),Neutral,,,0,Eleven Survival Theories
dustin is the king of quotes that only make sense in context (old.reddit.com),Neutral,,,3,Writing Criticism
discussionseasons 2 and 4. how did the mind flayer leave the abyss? (old.reddit.com),Negative,,,3,Writing Criticism
fan artshrekna 💚🔥🔥🔥 (i.redd.it),Positive,,,1,Ending Dissatisfaction
fan artrunning up that hill (i.redd.it),Positive,,,1,Ending Dissatisfaction
how many times did you watch the whole series? (self.strangerthings),Neutral,,,0,Eleven Survival Theories
discussionwhat could've made the final fight better. (v.redd.it),Positive,,,1,Ending Dissatisfaction
spoilershenry was not born evil. (self.strangerthings),Positive,,,0,Eleven Survival Theories
discussionno wonder karen was scared af when she couldn't find mike 😭😭 (i.redd.it),Negative,,,1,Ending Dissatisfaction
discussionthe constant usage of a loud sound effect during scene transitions bothered me a lot in season 5 (v.redd.it),Negative,,,1,Ending Dissatisfaction
jane and her siblings <3 (i.redd.it),Positive,,,1,Ending Dissatisfaction
"discussionnow that we have the complete seasons 1-5, what questions about the lore and plot points do you still have? (i.redd.it)",Neutral,,,1,Ending Dissatisfaction
rate this horrible looking mind flayer i drew with will's drawing as reference (i.redd.it),Negative,,,1,Ending Dissatisfaction
season four finale (self.strangerthings),Neutral,,,0,Eleven Survival Theories
tales from '85 releases in 2 months! what are your hopes/predictions? (i.redd.it),Neutral,,,1,Ending Dissatisfaction
discussiondid i miss something or is it a mistake??? (self.strangerthings),Negative,,,0,Eleven Survival Theories
discussionstranger things seasons ranked (self.strangerthings),Neutral,,,0,Eleven Survival Theories
fan arti wanted to share this fun little project (old.reddit.com),Positive,,,3,Writing Criticism
"back when the show was about the characters and their bond, not just the plot.. (v.redd.it)",Neutral,,,1,Ending Dissatisfaction
discussionhow would an interaction between vecna and the sirens of greek mythology go? (old.reddit.com),Neutral,,,3,Writing Criticism
mind flayer part 2 (i.redd.it),Neutral,,,1,Ending Dissatisfaction
"fan theory[theory] steve harrington is frank heffley, and the ""d. o. r. e"" is a mind trick. (old.reddit.com)",Positive,,,3,Writing Criticism
spoilersi run the radio station that inspired wsqk in stranger things — here’s what they got right (self.strangerthings),Positive,,,4,Nostalgia & Emotion
stranger things recap in one minute but in minecraft (v.redd.it),Neutral,,,4,Nostalgia & Emotion
closing the gate (by barbesz) (i.redd.it),Neutral,,,1,Ending Dissatisfaction
fan artaura will (i.redd.it),Positive,,,1,Ending Dissatisfaction
looks like some inspiration for the demogorgon design (i.redd.it),Positive,,,1,Ending Dissatisfaction
"80's vibesmy fiancée and i filmed a ""what if"" short movie, set in the mid 80s 📽 (v.redd.it)",Neutral,,,1,Ending Dissatisfaction
spoilershow did it all start? (self.strangerthings),Neutral,,,0,Eleven Survival Theories
spoilershot take people only hate the ending because they didn't understand it (self.strangerthings),Negative,,,0,Eleven Survival Theories
fan artlego stranger things 5 | trailer | full version (v.redd.it),Positive,,,4,Nostalgia & Emotion
discussionwhat mobile games would the stranger things kids play (modern au) (self.strangerthings),Positive,,,4,Nostalgia & Emotion
who is jim for real?… (v.redd.it),Neutral,,,1,Ending Dissatisfaction
"""joyce! drive!!!!""most valid hopper crashout (i.redd.it)",Neutral,,,1,Ending Dissatisfaction
discussioninside of holly’s telescope is inconsistent (i.redd.it),Neutral,,,1,Ending Dissatisfaction
spoilerswhat was the point of this? (i.redd.it),Neutral,,,1,Ending Dissatisfaction
80's vibeswhen i just got over my addiction! (v.redd.it),Neutral,,,1,Ending Dissatisfaction
discussionmodern show/ tv shows (self.strangerthings),Neutral,,,0,Eleven Survival Theories
discussionso...what is the abyss anyway? (self.strangerthings),Neutral,,,0,Eleven Survival Theories
why is season 5 just characters having epiphanies and explaining things with props and analogies? (self.strangerthings),Neutral,,,0,Eleven Survival Theories
spoilersloved the show but imagine if we got a vecna and dr. brenner scene all those years later? the two that started it all. father and son. (i.redd.it),Neutral,,,2,Upside Down Lore
finally figured out who fina scene mike reminded me of (old.reddit.com),Neutral,,,3,Writing Criticism
people who hate the ending of stranger things thought too highly of the show. (self.strangerthings),Negative,,,4,Nostalgia & Emotion
discussionstranger things peaked here! (v.redd.it),Neutral,,,1,Ending Dissatisfaction
is stranger things season 5 worth watching dispute the negative reactions online. (self.strangerthings),Negative,,,4,Nostalgia & Emotion
discussionterry ives? (self.strangerthings),Neutral,,,0,Eleven Survival Theories
even in another universe… (i.redd.it),Neutral,,,1,Ending Dissatisfaction
"i loved the mr. whatsit persona but, there should have been more horror to it (i.redd.it)",Negative,,,1,Ending Dissatisfaction
discussiondid it seem like to anyone else that the henry origin reveal in the cave was anti climatic? [nsfw] (self.strangerthings),Positive,,,0,Eleven Survival Theories
discussiondid you know that the manga/anime elfenlied was a major inspiration for eleven’s character? (old.reddit.com),Positive,,,3,Writing Criticism
can we thank the duffers (self.strangerthings),Positive,,,0,Eleven Survival Theories
spoilerspros and cons of season 5 (self.strangerthings),Neutral,,,0,Eleven Survival Theories
this is so cute. i have infinite love for artists [art by foreigncarlyk on x] (i.redd.it),Positive,,,2,Upside Down Lore
*sigh*.....i couldn't draw the claws shh- (i.redd.it),Neutral,,,1,Ending Dissatisfaction
vecna was really defeated by the power of love in season 4 (v.redd.it),Positive,,,2,Upside Down Lore
ok something that bothers me and a lot of ppl (self.strangerthings),Positive,,,0,Eleven Survival Theories
wsqk station sign neon logo (old.reddit.com),Neutral,,,3,Writing Criticism
fan arti painted will the wise ✨✨ (i.redd.it),Positive,,,1,Ending Dissatisfaction
huge gaps in filming stranger things (self.strangerthings),Positive,,,4,Nostalgia & Emotion
spoilersi haven't seen season 5 yet but just finished seasonn 4 who thinks they should of finished it there (self.strangerthings),Neutral,,,0,Eleven Survival Theories
discussiondemogorgons and demodogs were at least in the season. but demobats just completely vanished. (self.strangerthings),Neutral,,,0,Eleven Survival Theories
why did the upside down suddenly become so red? (self.strangerthings),Neutral,,,0,Eleven Survival Theories
spoilerstheory of how mind flayer came to be (self.strangerthings),Neutral,,,0,Eleven Survival Theories
spoilerswas henry the true victim of the show? (self.strangerthings),Positive,,,0,Eleven Survival Theories
fan artmax mayfield fanart (i.redd.it),Positive,,,1,Ending Dissatisfaction
genuine ratings?? (old.reddit.com),Neutral,,,3,Writing Criticism
"fan theorythe max mayfield story that was never told — a psychedelic dive into guilt, the walkman, and the shadows of her past (fan concept) (old.reddit.com)",Positive,,,3,Writing Criticism
fan theoryseason 5 (self.strangerthings),Positive,,,0,Eleven Survival Theories
discussionis there anything about eleven's way of speaking being based on starfire from teen titans? (self.strangerthings),Neutral,,,0,Eleven Survival Theories
gift idea help! (self.strangerthings),Positive,,,0,Eleven Survival Theories
spoilersalt ending (self.strangerthings),Neutral,,,0,Eleven Survival Theories
lumax wedding | fanart by @pzz_pls on x (i.redd.it),Neutral,,,1,Ending Dissatisfaction
discussiondemogorgan gate confusion (self.strangerthings),Negative,,,0,Eleven Survival Theories
discussionsame character or nah? (i.redd.it),Negative,,,1,Ending Dissatisfaction
"tales from 85 update - nikki will be an ""inventor"" and is going to bond closely with will (old.reddit.com)",Neutral,,,3,Writing Criticism
this was 4 years ago🥹 (old.reddit.com),Neutral,,,3,Writing Criticism
fan artmaking a stranger things inspired game in scrath (i.redd.it),Positive,,,4,Nostalgia & Emotion
discussionwhy was the military scarier than vecna in the finale… (self.strangerthings),Neutral,,,0,Eleven Survival Theories
discussionwhat if stranger things was an hbo show instead of netflix? (self.strangerthings),Neutral,,,4,Nostalgia & Emotion
the wormhole diagram by the dbs (i.redd.it),Neutral,,,1,Ending Dissatisfaction
spoilersone of the biggest missed opportunities in the series. (i.redd.it),Positive,,,1,Ending Dissatisfaction
discussionsoundtrack scores favorites of the entire series (self.strangerthings),Positive,,,0,Eleven Survival Theories
jamie campbell bower returning as henry creel (self.strangerthings),Neutral,,,0,Eleven Survival Theories
spoilersthe military were pretty forgiving in the end (v.redd.it),Positive,,,1,Ending Dissatisfaction
platonic bond (self.strangerthings),Neutral,,,0,Eleven Survival Theories
summarize an entire season in one sentence only (self.strangerthings),Positive,,,0,Eleven Survival Theories
discussionfavorite one season wonder? (old.reddit.com),Neutral,,,3,Writing Criticism
discussionwho controls the vecna ​​hive or the mind? my opinion (self.strangerthings),Neutral,,,0,Eleven Survival Theories
still one of the best scenes in the entire series (old.reddit.com),Positive,,,3,Writing Criticism
discussionsteve was right about eddie but.. (self.strangerthings),Neutral,,,0,Eleven Survival Theories
fan artfanfic: stranger thing- the hydra project. (self.strangerthings),Positive,,,0,Eleven Survival Theories
fan artlight still exists where friendship lives. (i.redd.it),Positive,,,1,Ending Dissatisfaction
hey have any of you seen the stranger things broadway show? is it worth it? (self.strangerthings),Positive,,,4,Nostalgia & Emotion
maya hawke got married! (old.reddit.com),Neutral,,,3,Writing Criticism
discussionwsqk returns (self.strangerthings),Neutral,,,0,Eleven Survival Theories
discussionis upside down and the dimension x toxic or radioactive? (self.strangerthings),Neutral,,,0,Eleven Survival Theories
the whole show is so memeable (i.redd.it),Neutral,,,1,Ending Dissatisfaction
discussionduring season 3 here in brasil we had a susie doll dressed as eleven (old.reddit.com),Neutral,,,3,Writing Criticism
man this hits 💔 (v.redd.it),Neutral,,,1,Ending Dissatisfaction
"the awkward ""blank makes you crazy"" in the supermarket is one of the best mike/el scenes (v.redd.it)",Positive,,,1,Ending Dissatisfaction
"discussionultimately, if you look closely at vecna ​​and the mind win in almost every season. (i.redd.it)",Positive,,,1,Ending Dissatisfaction
fan artstranger things- the hydra project (season 5 fanfic) (drive.google.com),Positive,,,3,Writing Criticism
discussiontales from 85’ eleven figure revealed at toy fair (i.redd.it),Positive,,,1,Ending Dissatisfaction
any fanfics recommendations? (self.strangerthings),Neutral,,,0,Eleven Survival Theories
the two stranger things performances i think 100% deserved emmy wins (i.redd.it),Positive,,,4,Nostalgia & Emotion
stranger things the first shadow broadway (i.redd.it),Neutral,,,4,Nostalgia & Emotion
discussionhas anyone seen the new show ponies? (self.strangerthings),Neutral,,,0,Eleven Survival Theories
discussionhow does the mind flayer have a physical body? (old.reddit.com),Neutral,,,3,Writing Criticism
discussionstranger thins 5 rewrite (self.strangerthings),Neutral,,,0,Eleven Survival Theories
accurate floor map of wheeler's second floor (self.strangerthings),Neutral,,,0,Eleven Survival Theories
fan artstranger things season 5 trailer made in lego animation (v.redd.it),Positive,,,1,Ending Dissatisfaction
spoilersanyone know what the song is here? s5 e1 (v.redd.it),Neutral,,,1,Ending Dissatisfaction
spoilersnancy’s plot armor (self.strangerthings),Neutral,,,0,Eleven Survival Theories
discussionwhat would you like to change in the script for season 5 ? (self.strangerthings),Positive,,,0,Eleven Survival Theories
"discussionhere's my top 5, what do you think? (old.reddit.com)",Positive,,,3,Writing Criticism
discussionsubtle foreshadowing? (i.redd.it),Neutral,,,1,Ending Dissatisfaction
first shadow play spoilersfirst shadow proshot (i.redd.it),Positive,,,1,Ending Dissatisfaction
did brenner really got a better closure than henry? (self.strangerthings),Positive,,,0,Eleven Survival Theories
mike wheeler’s ending (self.strangerthings),Neutral,,,0,Eleven Survival Theories
a closer look at the new stranger things tales from '85 jazwares toys! (old.reddit.com),Neutral,,,3,Writing Criticism
why did the demogorgon take barb in the first season? (self.strangerthings),Neutral,,,0,Eleven Survival Theories
"fun fact — after getting beaten by jonathan, bullied by his friend, and punched by billy, steve finally won his first one-on-one fight by beating a russian in this goofy outfit. (i.redd.it)",Negative,,,1,Ending Dissatisfaction
stranger things: the first shadow coming to netflix (self.strangerthings),Neutral,,,4,Nostalgia & Emotion
"i liked the unproposal scene a lot, but (self.strangerthings)",Positive,,,0,Eleven Survival Theories
discussionwho would defend vecna? (self.strangerthings),Neutral,,,0,Eleven Survival Theories
the finale. (self.strangerthings),Neutral,,,0,Eleven Survival Theories
discussionits been a while but i must ask why do so ma sny people dislike season 5? (self.strangerthings),Negative,,,0,Eleven Survival Theories
discussionwhich vecna is better? (old.reddit.com),Positive,,,3,Writing Criticism
discussionstranger things weapons and powers (self.strangerthings),Negative,,,0,Eleven Survival Theories
discussionthe abyss should have just been a different region within the upside down (self.strangerthings),Neutral,,,0,Eleven Survival Theories
season 1 finale - eleven defeats the demogorgon and vanishes - thoughts on this iconic scene? (v.redd.it),Negative,,,1,Ending Dissatisfaction
discussioni honestly don’t get why people dislike the last season (self.strangerthings),Positive,,,0,Eleven Survival Theories
"spoilerswere chrissy, patrick, fred, etc all implied to be in vecnas mind? (self.strangerthings)",Neutral,,,0,Eleven Survival Theories
is it me or does mike (self.strangerthings),Neutral,,,0,Eleven Survival Theories
discussionwhy was will not feeling pain in season 3? (self.strangerthings),Positive,,,0,Eleven Survival Theories
discussionwe saw this trio for like 5 seconds but i loved their chaoticness so much (old.reddit.com),Positive,,,3,Writing Criticism
"robin now married, sorry vickie (people.com)",Negative,,,3,Writing Criticism
spoilersvecna (self.strangerthings),Neutral,,,0,Eleven Survival Theories
why do people complain so much about the actors playing the protagonists becoming older than their characters? (self.strangerthings),Negative,,,0,Eleven Survival Theories
saddest songs? (self.strangerthings),Negative,,,0,Eleven Survival Theories
discussionmax should've been there (self.strangerthings),Neutral,,,0,Eleven Survival Theories
spoilersi feel like bob deserved a better conclusion for what he brought to the show. (self.strangerthings),Positive,,,0,Eleven Survival Theories
discussionunpopular opinion (self.strangerthings),Neutral,,,0,Eleven Survival Theories
discussioni feel so bad for her.. she lost her daughter twice💔 (i.redd.it),Negative,,,1,Ending Dissatisfaction
discussiondustin’s obsession with eddie was weird (self.strangerthings),Negative,,,0,Eleven Survival Theories
shippingstoryteller and the mage.🫀 (v.redd.it),Neutral,,,1,Ending Dissatisfaction
discussioni need help (self.strangerthings),Positive,,,0,Eleven Survival Theories
broooo there’s no way 😭 (i.redd.it),Negative,,,1,Ending Dissatisfaction
discussionfav robin outfit. mine has to be the leather jacket and white tee in s5. (old.reddit.com),Neutral,,,3,Writing Criticism
discussionoutcome of dr. kay's lab experiments (self.strangerthings),Neutral,,,0,Eleven Survival Theories
spoilersspoiled season 4 for myself (self.strangerthings),Neutral,,,0,Eleven Survival Theories
discussiondoes anyone else think back to this scene whenever they’re sick? (i.redd.it),Negative,,,1,Ending Dissatisfaction
how did the wheeler telephone work? (self.strangerthings),Neutral,,,0,Eleven Survival Theories
"going to visit hawkins, need suggestions! (self.strangerthings)",Neutral,,,0,Eleven Survival Theories
my only problem with the season is the interviews post season (self.strangerthings),Negative,,,0,Eleven Survival Theories
a+ cinematography - the scene of the 4 teens riding their bikes in the rightside up and the camera turning over to show the 4 older teens simultaneously riding their bikes in the upside down (v.redd.it),Neutral,,,1,Ending Dissatisfaction
season 5 was so ass for el. (i.redd.it),Negative,,,1,Ending Dissatisfaction
had fun decorating my door! (i.redd.it),Positive,,,1,Ending Dissatisfaction
"discussionsuch a shame out of these 3, andy is the one (i.redd.it)",Negative,,,1,Ending Dissatisfaction
why did susie have to change dustin’s grades? (self.strangerthings),Neutral,,,0,Eleven Survival Theories
spoilerswhats a scene you cant stop rewatching/cant forget (i.redd.it),Positive,,,1,Ending Dissatisfaction
pov: we thought this was the same dimension (old.reddit.com),Neutral,,,3,Writing Criticism
spoilersjust finished s5 (self.strangerthings),Neutral,,,0,Eleven Survival Theories
will/el is a fascinating relationship that they should have explored more (old.reddit.com),Positive,,,3,Writing Criticism
i hate the ending (self.strangerthings),Negative,,,0,Eleven Survival Theories
do we think (self.strangerthings),Neutral,,,0,Eleven Survival Theories
fan artdiy stranger things demogirgon keychain (i.redd.it),Positive,,,4,Nostalgia & Emotion
the mike/lucas ghostbusters argument - who was in the right? (v.redd.it),Negative,,,1,Ending Dissatisfaction
discussionwhat was the saddest death in stranger things for me it was dartanian (i.redd.it),Negative,,,4,Nostalgia & Emotion
exactly how much i really love season 5! no amount of hate or detest of that season shall ruin my view on the season!! ❤️ ❤️ ❤️ ❤️ ❤️ (v.redd.it),Negative,,,2,Upside Down Lore
discussionnancy wheeler is the plot 🙏 (i.redd.it),Neutral,,,1,Ending Dissatisfaction
spoilersrandom fact - el is featured in the finale end credits... eleven times (old.reddit.com),Neutral,,,3,Writing Criticism
fan artlast time i did will. now its el. i painted this using bleach🙌 (old.reddit.com),Positive,,,3,Writing Criticism
discussionminor plot hole/missed detailing (self.strangerthings),Neutral,,,0,Eleven Survival Theories
discussiondoes anyone know when pre-production of season 5 began? (self.strangerthings),Neutral,,,0,Eleven Survival Theories
"discussionchapter 4 question, unfair accountability? (self.strangerthings)",Negative,,,0,Eleven Survival Theories
grew up in the 80s two of my most fav songs was rad (=peak) (self.strangerthings),Positive,,,0,Eleven Survival Theories
"i’m not crying, you are 😭🫵?!! (old.reddit.com)",Positive,,,3,Writing Criticism
the upside down has existed before in another location. (self.strangerthings),Neutral,,,0,Eleven Survival Theories
(possible) spoilersi still don't understand how the different monsters in each season tie together (btw idk if this post will count as a spoiler js putting spoiler just in case) (self.strangerthings),Negative,,,0,Eleven Survival Theories
spoilersmy season 1 vs season 5 comparison. (self.strangerthings),Neutral,,,0,Eleven Survival Theories
spoilersseason 5 holly v demogorgon (self.strangerthings),Neutral,,,0,Eleven Survival Theories
how do we feel about the fact that eleven kept spying on mike remotely all year in s2? (v.redd.it),Neutral,,,1,Ending Dissatisfaction
does this mean i should run? (v.redd.it),Neutral,,,1,Ending Dissatisfaction
spoilersel final scene slander (self.strangerthings),Neutral,,,0,Eleven Survival Theories
spoilerstoday i just remembered that this show saved someone from drowning… (youtu.be),Positive,,,3,Writing Criticism
"discussionwhat felt like actual stakes at hand, more than the final battle. vecna actually felt like a threatening presence and not like a joke. that incredible ending set up...... we didn't know how good we truly had it at the time. (v.redd.it)",Positive,,,2,Upside Down Lore
it’s hilarious that people are calling matthew modine “papa” in the comments. (i.redd.it),Positive,,,1,Ending Dissatisfaction
rink o mania discourse in fandom (self.strangerthings),Neutral,,,0,Eleven Survival Theories
discussionwho has seen vecna? (self.strangerthings),Neutral,,,0,Eleven Survival Theories
fan artsteve and jonathan art by bunnypeony_ on twitter (old.reddit.com),Positive,,,3,Writing Criticism
they’re the cutest (i.redd.it),Positive,,,1,Ending Dissatisfaction
discussiondoes anyone know why the duffer brothers decided to shift the vibe in season 3? (self.strangerthings),Neutral,,,0,Eleven Survival Theories
discussionanyone else wish we had more scenes between these two? pairing them up during one of the seasons would've made for an interesting dynamic (i.redd.it),Positive,,,1,Ending Dissatisfaction
discussionjust curious (self.strangerthings),Positive,,,0,Eleven Survival Theories
what do you think the characters will do with their lives? (self.strangerthings),Neutral,,,0,Eleven Survival Theories
80's vibesnike unveils final stranger things sneaker collaboration (si.com),Neutral,,,4,Nostalgia & Emotion
"who is this chick?, and what is she doing in my stranger things cartoon? (i.redd.it)",Neutral,,,4,Nostalgia & Emotion
discussionranking main characters by importance and audience pov (self.strangerthings),Positive,,,0,Eleven Survival Theories
discussionthings i noticed in the stranger things finale! (old.reddit.com),Neutral,,,3,Writing Criticism
"discussionwhat if stranger things season 3 was set in 2005, instead of 1985? (self.strangerthings)",Neutral,,,4,Nostalgia & Emotion
"discussionif stranger things was set in the 90s, what 90s songs would you use and when? (self.strangerthings)",Neutral,,,4,Nostalgia & Emotion
mike wheeler valentinés day cards (old.reddit.com),Neutral,,,3,Writing Criticism
fan artpaladin + sorcerer | fanart by @markkrpg on x (i.redd.it),Positive,,,1,Ending Dissatisfaction
happy valentine’s day to everyone (i.redd.it),Positive,,,1,Ending Dissatisfaction
"he really lived his biggest fear, that was losing her, only one(beside el) to not get happy ending. (i.redd.it)",Negative,,,1,Ending Dissatisfaction
discussiondoes anyone know if the actors will be doing any more st events (e.g. cons) (self.strangerthings),Neutral,,,0,Eleven Survival Theories
discussionjust finished the season 5 finale (self.strangerthings),Neutral,,,0,Eleven Survival Theories
who is the smartest not your favourite the smartest (old.reddit.com),Positive,,,3,Writing Criticism
vecna vs eleven showed a big lack of creativity (i.redd.it),Positive,,,1,Ending Dissatisfaction
last episode: wtf was their re-entry plan? (spoilers) (self.strangerthings),Negative,,,0,Eleven Survival Theories
fan artmy last fanart. evil one (old.reddit.com),Negative,,,3,Writing Criticism
"since they used the rock to tease the upcoming project, what do you guys think the new live action spin-off will be about? (i.redd.it)",Negative,,,1,Ending Dissatisfaction
discussionunpopular opinion - steve (self.strangerthings),Neutral,,,0,Eleven Survival Theories
discussionaddressing a commonly misused term (self.strangerthings),Neutral,,,0,Eleven Survival Theories
discussionsprite sheets needed! (self.strangerthings),Neutral,,,0,Eleven Survival Theories
spoilerswhat did you think of the season 5 ending/season. (self.strangerthings),Neutral,,,0,Eleven Survival Theories
discussionwell is one of these rares? (i.redd.it),Neutral,,,1,Ending Dissatisfaction
interrogate me about stranger things (plus art i made) (i am not in season 5 yet i'm in season 4 episode 5) (i.redd.it),Neutral,,,4,Nostalgia & Emotion
finally built the upside down lego (old.reddit.com),Neutral,,,3,Writing Criticism
"""s3 robin is so much different than s4/s5 robin!""... meanwhile, here is an actual scene from season 3 disproving that claim (v.redd.it)",Neutral,,,1,Ending Dissatisfaction
friends don’t lie! (i.redd.it),Positive,,,1,Ending Dissatisfaction
"fan artmade this van in a driving game. i know it’s not the exact model, but close enough. (old.reddit.com)",Positive,,,3,Writing Criticism
discussionthe iconic scene of joyce (self.strangerthings),Neutral,,,0,Eleven Survival Theories
new images from the tales from 85 cartoon (old.reddit.com),Neutral,,,3,Writing Criticism
discussionmike painting funko (self.strangerthings),Neutral,,,0,Eleven Survival Theories
🚶🚶🚶 (i.redd.it),Neutral,,,1,Ending Dissatisfaction
vecna’s trance (self.strangerthings),Neutral,,,0,Eleven Survival Theories
fan artdustin and eleven in the horrid henry books (i.redd.it),Negative,,,1,Ending Dissatisfaction
you get to the grocery store. you open your car door. you see this happening. what's your next move? (v.redd.it),Neutral,,,1,Ending Dissatisfaction
spoilerssame difference (i.redd.it),Neutral,,,1,Ending Dissatisfaction
one of the best friendships on the show. (old.reddit.com),Positive,,,3,Writing Criticism
shippingto milevens & bylers: (self.strangerthings),Neutral,,,0,Eleven Survival Theories
bravo on the m cave reference (self.strangerthings),Neutral,,,0,Eleven Survival Theories
i saw someone else post their shrine so i figured i would share mine! (old.reddit.com),Positive,,,3,Writing Criticism
discussionwhy were they never seen again after season 2 (old.reddit.com),Neutral,,,3,Writing Criticism
angela has quit her social media (v.redd.it),Neutral,,,1,Ending Dissatisfaction
after what felt like years i finally found max and the ghostbusters set 😭😭 (i.redd.it),Positive,,,2,Upside Down Lore
spoilersreason why karen wheeler could subdue demogorgon (is not a plot hole) (self.strangerthings),Neutral,,,0,Eleven Survival Theories
"why'd he do jazz hands? kind of an inappropriate time, lucas (i.redd.it)",Neutral,,,1,Ending Dissatisfaction
valentines box for school (i.redd.it),Neutral,,,1,Ending Dissatisfaction
discussionthe closest things we’re getting to an official 3d things game (self.strangerthings),Neutral,,,0,Eleven Survival Theories
discussionwhy would the military assume el was in hawkins? (self.strangerthings),Neutral,,,0,Eleven Survival Theories
fan arteddie charm for bag and gift. (i.redd.it),Positive,,,1,Ending Dissatisfaction
80's vibesearlier 80’s easter eggs? (self.strangerthings),Neutral,,,0,Eleven Survival Theories
i think this was the only time vecna got hugged by someone (i.redd.it),Positive,,,1,Ending Dissatisfaction
could you edit/skip past season 3 to make it tween-suitable? (self.strangerthings),Neutral,,,0,Eleven Survival Theories
what is your opinion of connie frazier (from season 1)? (i.redd.it),Neutral,,,1,Ending Dissatisfaction
how the finale should have ended (self.strangerthings),Neutral,,,0,Eleven Survival Theories
the mike/will argument from season 3 - who was more in the wrong? (v.redd.it),Negative,,,1,Ending Dissatisfaction
spoilersthe disconnect between what they thought we wanted and what (i think) we actually wanted: (self.strangerthings),Neutral,,,0,Eleven Survival Theories
spoilersthe ending of eleven's story was changed at the last minute (self.strangerthings),Neutral,,,0,Eleven Survival Theories
discussionkyle dixon and michael stein (i.redd.it),Neutral,,,1,Ending Dissatisfaction
fan artwhat is your favourite st poster ( season or character ) ?. whether it is official or fan art (self.strangerthings),Positive,,,0,Eleven Survival Theories
discussionhot take (i.redd.it),Neutral,,,1,Ending Dissatisfaction
who would win in a fight (old.reddit.com),Positive,,,3,Writing Criticism
spoilersis it weird that the only thing i've cried to is eddie? (self.strangerthings),Negative,,,0,Eleven Survival Theories
fan arti made the mind flayer out of clay how well did i do? (i.redd.it),Positive,,,1,Ending Dissatisfaction
discussionwe could've had another metallica moment (v.redd.it),Neutral,,,1,Ending Dissatisfaction
spoilersdbz reference? (self.strangerthings),Neutral,,,0,Eleven Survival Theories
fan artdo you guy think my display is good? (i.redd.it),Positive,,,1,Ending Dissatisfaction
spoilersi kinda feel sorry for henry creel. (self.strangerthings),Neutral,,,0,Eleven Survival Theories
the shrine (i.redd.it),Neutral,,,1,Ending Dissatisfaction
discussionfinished s5 finale. i am finished. (i.redd.it),Neutral,,,1,Ending Dissatisfaction
can anyone give a concrete source that tales from 85 is canon? (self.strangerthings),Neutral,,,0,Eleven Survival Theories
did the st fandom “bean soup” itself? (i.redd.it),Neutral,,,1,Ending Dissatisfaction
fan artanother fanart ✨ (old.reddit.com),Positive,,,3,Writing Criticism
interested but hesitant to watch (self.strangerthings),Negative,,,0,Eleven Survival Theories
stranger things season 5 episode discussion hub,Neutral,,kaggle,4,Nostalgia & Emotion
season 5 series discussion,Neutral,,kaggle,3,Writing Criticism
the most consistent actors of the show,Neutral,,kaggle,3,Writing Criticism
thoughts on the finale?,Neutral,,kaggle,3,Writing Criticism
why mike’s final speech in stranger things was right,Neutral,,kaggle,4,Nostalgia & Emotion
legends that had no closure,Negative,,kaggle,3,Writing Criticism
my realization from watching stranger things,Neutral,,kaggle,4,Nostalgia & Emotion
who would you have chosen? - finale spoilers,Neutral,,kaggle,3,Writing Criticism
from the abandoned community on reddit: abandoned stranger things arcade,Negative,,kaggle,4,Nostalgia & Emotion
my head cannon: mike and el,Neutral,,kaggle,3,Writing Criticism
s5 resembling s1,Neutral,,kaggle,3,Writing Criticism
started watching when i was 11…,Neutral,,kaggle,3,Writing Criticism
show is a 9/10 s5 6/10,Neutral,,kaggle,2,Upside Down Lore
i don't care about the division in regards of the finale. i want to say thank you.,Neutral,,kaggle,3,Writing Criticism
what song was playing at the end of the finale?,Positive,,kaggle,3,Writing Criticism
stranger things mike debate,Neutral,,kaggle,4,Nostalgia & Emotion
"jake connelly says it was difficult to hide that he was filming stranger things 5. ""i actually told people i was working on a mayonnaise documentary.""",Negative,,kaggle,4,Nostalgia & Emotion
demodog,Neutral,,kaggle,3,Writing Criticism
nancy wheeler s5 finale,Neutral,,kaggle,3,Writing Criticism
how short is sadie 🤧,Neutral,,kaggle,3,Writing Criticism
stranger things creator seems to suggest they made a mistake putting in an easter egg that fans took the wrong way,Negative,,kaggle,4,Nostalgia & Emotion
"‘stranger things 5’: duffer brothers unpack emotional series finale from one major sendoff to that 40-minute epilogue, those needle drops & a spinoff hint",Positive,,kaggle,4,Nostalgia & Emotion
'stranger things' creators address viral fan theory about season 5 deleted scenes [exclusive],Positive,,kaggle,4,Nostalgia & Emotion
‘stranger things: tales from ‘85’ | official announcement | netflix,Neutral,,kaggle,4,Nostalgia & Emotion
stranger things last episode,Neutral,,kaggle,4,Nostalgia & Emotion
should limited series become the norm to avoid the 2 to 3 year waits that are now endemic in multi-season shows?,Negative,,kaggle,3,Writing Criticism
stranger things spoiler free feelings share,Positive,,kaggle,4,Nostalgia & Emotion
disliked stranger things,Negative,,kaggle,4,Nostalgia & Emotion
the 'stranger things' finale - a farewell to monoculture?,Neutral,,kaggle,4,Nostalgia & Emotion
"if someone enjoys a show you don't, it doesn't mean they have ""bad taste""",Negative,,kaggle,3,Writing Criticism
"stranger things is made for casual viewers only, not for serious fantasy lovers, and i have made my peace with it!!",Positive,,kaggle,4,Nostalgia & Emotion
there may never be another show like ‘stranger things’,Positive,,kaggle,4,Nostalgia & Emotion
stranger things and stephen king,Neutral,,kaggle,4,Nostalgia & Emotion
stranger things finale was good stop review bombing,Positive,,kaggle,4,Nostalgia & Emotion
stranger things ending,Neutral,,kaggle,4,Nostalgia & Emotion
what will be netflix’s next flagship show now that stranger things has ended?,Positive,,kaggle,4,Nostalgia & Emotion
what mainstream (or well big) shows had the best an most satisfying ending to a series ?,Positive,,kaggle,3,Writing Criticism
"stranger things finale: loved it, haters gonna hate.",Negative,,kaggle,4,Nostalgia & Emotion
"netflix crashes as ‘stranger things’ finale premieres, second time this season",Neutral,,kaggle,4,Nostalgia & Emotion
"stranger things - 5x08 - “chapter eight: the rightside up"" - episode discussion",Neutral,,kaggle,4,Nostalgia & Emotion
stranger things falloff is as big as got it was just more gradual,Neutral,,kaggle,4,Nostalgia & Emotion
why are people saying because stranger things gets a lot of viewership it is a show beyond criticism or reproach?,Negative,,kaggle,4,Nostalgia & Emotion
"‘stranger things 5’ hits 34.5 million views after volume 2 drops, helping netflix to its best christmas viewership ever",Positive,,kaggle,4,Nostalgia & Emotion
"stranger things actor insists 'there's no secret snyder cut of the show' as over 350,000 sign calling for release of supposed season 5 vol. 2 'unseen footage'",Negative,,kaggle,4,Nostalgia & Emotion
"eleven, stranger things",Neutral,,kaggle,4,Nostalgia & Emotion
stranger things is the only show i’ve ever really liked,Positive,,kaggle,4,Nostalgia & Emotion
jamie campbell bower,Neutral,,kaggle,3,Writing Criticism
what would you have liked to see during the final season?,Positive,,kaggle,3,Writing Criticism
netflix gift card,Positive,,kaggle,3,Writing Criticism
personally,Neutral,,kaggle,3,Writing Criticism
stranger things has officially ended — or… has it?,Neutral,,kaggle,4,Nostalgia & Emotion
stranger things series finale: a heartfelt disappointment,Positive,,kaggle,4,Nostalgia & Emotion
stranger things latest episode was the most casual random episode in my life i ever saw.,Positive,,kaggle,4,Nostalgia & Emotion
stranger things finale,Neutral,,kaggle,4,Nostalgia & Emotion
finally stranger things ended...,Neutral,,kaggle,4,Nostalgia & Emotion
"stranger things finale, my disappointment.",Negative,,kaggle,4,Nostalgia & Emotion
how did you find the ending of stranger things? was it near to satisfaction?,Positive,,kaggle,4,Nostalgia & Emotion
what is your take on stranger things part 2 ?,Neutral,,kaggle,4,Nostalgia & Emotion
gaten matarazzo: “i don’t think i ever really want to put stranger things behind me”,Positive,,kaggle,4,Nostalgia & Emotion
spoiler alert stranger things,Positive,,kaggle,4,Nostalgia & Emotion
the problems with s5 e8 and s5 in general. we waited so many years and it felt so rushed.,Negative,,kaggle,2,Upside Down Lore
"stranger things finale, big moments and big questions. i can't stop thinking about what wasn't in the finale.",Positive,,kaggle,4,Nostalgia & Emotion
regarding kali in stranger things (spoilers),Neutral,,kaggle,4,Nostalgia & Emotion
how stranger things should have ended,Neutral,,kaggle,4,Nostalgia & Emotion
stranger things plot holes,Neutral,,kaggle,4,Nostalgia & Emotion
did anyone also felt that stranger things ending made it similar to game of thrones ending.,Neutral,,kaggle,4,Nostalgia & Emotion
nostalagia!suck my big fat one🖕,Neutral,,kaggle,3,Writing Criticism
stranger things finale felt… surprisingly calm (no spoilers),Positive,,kaggle,4,Nostalgia & Emotion
was “what’s in the box?” a fake game show?,Negative,,kaggle,3,Writing Criticism
new years day celebration and who with?,Neutral,,kaggle,2,Upside Down Lore
stranger things season 5 episode discussion hub,Neutral,,kaggle,4,Nostalgia & Emotion
season 5 series discussion,Neutral,,kaggle,3,Writing Criticism
the duffer brothers when you ask them anything about the show they write,Neutral,,kaggle,3,Writing Criticism
does anyone else feel empty and unable to start a new show after the finale? 😕,Negative,,kaggle,3,Writing Criticism
cm punk on stranger things finale,Neutral,,kaggle,4,Nostalgia & Emotion
stranger things 5 plot hole explained,Neutral,,kaggle,4,Nostalgia & Emotion
more bts s5,Neutral,,kaggle,3,Writing Criticism
the one part of s5 worth watching repeatedly,Positive,,kaggle,3,Writing Criticism
things you don't care about being flaws in s5?,Negative,,kaggle,3,Writing Criticism
full song lists for season 4 and season 5?,Neutral,,kaggle,3,Writing Criticism
i didn’t like the ending so i wrote a new one,Positive,,kaggle,3,Writing Criticism
where to watch the stranger things: the first shadow theater play.,Positive,,kaggle,4,Nostalgia & Emotion
help,Positive,,kaggle,3,Writing Criticism
sh-boom by the chords has been updated to have a stranger things cover on spotify👀,Neutral,,kaggle,4,Nostalgia & Emotion
kali rant,Negative,,kaggle,3,Writing Criticism
i'm impressed!,Positive,,kaggle,3,Writing Criticism
100%,Neutral,,kaggle,3,Writing Criticism
theory for what is actually dropping tomorrow.,Neutral,,kaggle,3,Writing Criticism
stranger things mike debate,Neutral,,kaggle,4,Nostalgia & Emotion
thoughts on the finale?,Neutral,,kaggle,3,Writing Criticism
the most consistent actors of the show,Neutral,,kaggle,3,Writing Criticism
"jake connelly says it was difficult to hide that he was filming stranger things 5. ""i actually told people i was working on a mayonnaise documentary.""",Negative,,kaggle,4,Nostalgia & Emotion
nancy wheeler s5 finale,Neutral,,kaggle,3,Writing Criticism
demodog,Neutral,,kaggle,3,Writing Criticism
which is better: game of thrones vs stranger things,Positive,,kaggle,4,Nostalgia & Emotion
halfway through an initial watch of stranger things and confused - is this supposed to be prestige tv?,Negative,,kaggle,4,Nostalgia & Emotion
"i don't know why anyone is baffled by conformitygate (tm), fans are just doing exactly what the stranger things finale told them to do.",Neutral,,kaggle,4,Nostalgia & Emotion
tv shows where an actor in a supporting or minor role ended up being the most famous actor in the cast.,Positive,,kaggle,3,Writing Criticism
"‘stranger things 5’ sets new year’s day netflix viewership record with finale, enters most popular english tv list at no. 9 with 105.7 million total views",Positive,,kaggle,4,Nostalgia & Emotion
is it okay to expect more from great shows?,Positive,,kaggle,3,Writing Criticism
"no, there’s no secret ‘stranger things’ episode 9 tomorrow: conformity gate isn’t real",Negative,,kaggle,4,Nostalgia & Emotion
"stranger things creators shut down the idea of a sequel series, saying it would be 'a gross cash grab'",Negative,,kaggle,4,Nostalgia & Emotion
"duffer brothers just officially confirmed there is one mysterious thing from the stranger things (and no, not the play, live-action spinoff, or the animated series)",Negative,,kaggle,4,Nostalgia & Emotion
did stranger things over-explain the upside down?,Neutral,,kaggle,4,Nostalgia & Emotion
stranger things conformity gate,Neutral,,kaggle,4,Nostalgia & Emotion
"the fact that the wire, the sopranos, and the shield were all airing at the same time was a miracle of television synchronicity, and such a golden age will never come again.",Positive,,kaggle,3,Writing Criticism
"'stranger things' documentary on the making of season 5 drops trailer, netflix release date january 12",Neutral,,kaggle,4,Nostalgia & Emotion
which of these two 'disappointing' popular shows' final season did you prefer- stranger things 5 or squid game 3?,Positive,,kaggle,4,Nostalgia & Emotion
"so which season finale was worse? stranger things, lost, game of thrones?",Negative,,kaggle,4,Nostalgia & Emotion
the duffer brothers went with a safe ending for stranger things and i don't blame them,Positive,,kaggle,4,Nostalgia & Emotion
the byler subreddit is ruining stranger things discourse.,Negative,,kaggle,4,Nostalgia & Emotion
top tv shows list,Positive,,kaggle,3,Writing Criticism
"villains in tv series will often at some point have a chance at some point of redemption and while a redeemed villain is naturally compelling, i always enjoy seeing a villain refuse that opportunity for whatever reason and thus seal their fate.",Negative,,kaggle,3,Writing Criticism
(spoilers) stranger things s05 part 2,Neutral,,kaggle,4,Nostalgia & Emotion
"why is ""shipping"" culture predominantly heterosexual women?",Neutral,,kaggle,3,Writing Criticism
best tv show endings?,Positive,,kaggle,3,Writing Criticism
what’s the next big show,Neutral,,kaggle,3,Writing Criticism
stranger things ratings: 96% to 56% on rotten tomatoes — how every season stacks up before the finale,Negative,,kaggle,4,Nostalgia & Emotion
one of the greatest shows of our time. farewell [stranger things],Positive,,kaggle,4,Nostalgia & Emotion
what is netflix posting on ig?? (i'm talking about the story of the doors),Neutral,,kaggle,3,Writing Criticism
stranger things' awful release schedule saved it,Negative,,kaggle,4,Nostalgia & Emotion
stranger things conformity gate,Neutral,,kaggle,4,Nostalgia & Emotion
new stranger things episode?,Neutral,,kaggle,4,Nostalgia & Emotion
what show next?,Neutral,,kaggle,3,Writing Criticism
is it okay to expect more from great shows?,Positive,,kaggle,3,Writing Criticism
if they would just have heard the leaked gossip or fan fiction like the three head dragon theory or the clock theory the **stranger things** final wouldn’t have sucked so fucking hard. five fucking minutes. that’s all it took,Negative,,kaggle,4,Nostalgia & Emotion
"stranger things vs. ""reality bites"" (1994)",Neutral,,kaggle,4,Nostalgia & Emotion
stranger things spin off,Neutral,,kaggle,4,Nostalgia & Emotion
watch ideas??,Neutral,,kaggle,3,Writing Criticism
the tone shift in stranger things is what finally convinced me to cancel my subscription after 12 years running.,Positive,,kaggle,4,Nostalgia & Emotion
did you try search “fake ending” on netflix,Neutral,,kaggle,3,Writing Criticism
stranger things episode 9 is not coming!!,Neutral,,kaggle,4,Nostalgia & Emotion
"stranger things poll - series retrospective, come vote! [all]",Neutral,,kaggle,4,Nostalgia & Emotion
anyone else jumped head first into conformity gate??,Neutral,,kaggle,3,Writing Criticism
can we all agree that stranger things season 5 was great but it was definitely the weakest season?,Positive,,kaggle,4,Nostalgia & Emotion
netflix search behavior,Neutral,,kaggle,3,Writing Criticism
is stranger things season 5 worth watching?,Positive,,kaggle,4,Nostalgia & Emotion
can anyone suggest me a movie franchise or series like stranger things or harry potter,Positive,,kaggle,4,Nostalgia & Emotion
stranger things ending didn’t satisfy me…,Positive,,kaggle,4,Nostalgia & Emotion
stranger things copying end of evangelion,Neutral,,kaggle,4,Nostalgia & Emotion
stranger things final season.,Neutral,,kaggle,4,Nostalgia & Emotion
question about stranger things,Neutral,,kaggle,4,Nostalgia & Emotion
my critique of stranger things season 5 and the finale...,Neutral,,kaggle,4,Nostalgia & Emotion
"when hiding items from your watch history, is the account owner notified?",Negative,,kaggle,3,Writing Criticism
stranger things season 5 episode discussion hub,Neutral,,kaggle,4,Nostalgia & Emotion
season 5 series discussion,Neutral,,kaggle,3,Writing Criticism
i had the pleasure of creating the artwork for the stranger things finale ✏️,Positive,,kaggle,4,Nostalgia & Emotion
the stunt double cast of stranger things,Neutral,,kaggle,4,Nostalgia & Emotion
am i the only one who didn't really get into this scene?,Neutral,,kaggle,3,Writing Criticism
the only actor whose performance on season 5 deserves award nominations for. he was incredible,Positive,,kaggle,3,Writing Criticism
why eleven's ending doesn't work.,Neutral,,kaggle,3,Writing Criticism
no one has been “queerbaited”; a note from an annoyed older queer.,Negative,,kaggle,3,Writing Criticism
s5 - behind the scenes shots,Neutral,,kaggle,3,Writing Criticism
david harbour announces stranger things spinoff,Neutral,,kaggle,4,Nostalgia & Emotion
stranger things finale was good. would i watch it again?,Positive,,kaggle,4,Nostalgia & Emotion
the bruise mark on dustin’s face in s5e7 matches the symbol on jonathan’s jacket in s5e8,Neutral,,kaggle,3,Writing Criticism
"honestly, season 5 wasn't that bad",Positive,,kaggle,3,Writing Criticism
stranger things seasons final ranking,Neutral,,kaggle,4,Nostalgia & Emotion
so what was the point of vecna's plan in season 4?,Neutral,,kaggle,3,Writing Criticism
season 5 was bound to suck.,Negative,,kaggle,3,Writing Criticism
why would she dump her glasses?,Negative,,kaggle,3,Writing Criticism
"as an 80s baby and lover of 80s media, for me stranger things was successful in what it set out to do",Positive,,kaggle,4,Nostalgia & Emotion
stranger things season 5 finale,Neutral,,kaggle,4,Nostalgia & Emotion
stranger things mike debate,Neutral,,kaggle,4,Nostalgia & Emotion
thoughts on the finale?,Neutral,,kaggle,3,Writing Criticism
"jake connelly says it was difficult to hide that he was filming stranger things 5. ""i actually told people i was working on a mayonnaise documentary.""",Negative,,kaggle,4,Nostalgia & Emotion
the most consistent actors of the show,Neutral,,kaggle,3,Writing Criticism
nancy wheeler s5 finale,Neutral,,kaggle,3,Writing Criticism
demodog,Neutral,,kaggle,3,Writing Criticism
stranger things ratings: 96% to 56% on rotten tomatoes — how every season stacks up before the finale,Negative,,kaggle,4,Nostalgia & Emotion
one of the greatest shows of our time. farewell [stranger things],Positive,,kaggle,4,Nostalgia & Emotion
they did this character dirty in stranger things,Negative,,kaggle,4,Nostalgia & Emotion
there will never be another show like stranger things,Positive,,kaggle,4,Nostalgia & Emotion
why are people giving stranger things such a hard time for the lead actors being older than teens now?,Positive,,kaggle,4,Nostalgia & Emotion
i can’t believe so many popular netflix shows were disappointing,Neutral,,kaggle,3,Writing Criticism
stranger things netflix,Neutral,,kaggle,4,Nostalgia & Emotion
how i have think the final show down of stranger things should have been handled,Neutral,,kaggle,4,Nostalgia & Emotion
stranger things season 5 is over hated,Negative,,kaggle,4,Nostalgia & Emotion
stranger things series finale: 11 plot holes & headscratcher questions from the last ever episode,Neutral,,kaggle,4,Nostalgia & Emotion
‘stranger things’ finale delivers $25m+ to movie theaters after new year’s play – box office,Positive,,kaggle,4,Nostalgia & Emotion
personal tv shows rankings:,Neutral,,kaggle,3,Writing Criticism
"now that the entire stranger things series is over, how would you rate all 5 seasons? (from best to worst, and you may rate out of 10 per season)",Neutral,,kaggle,4,Nostalgia & Emotion
‘stranger things’ finale spoiler interview: duffer brothers on deciding a main character’s fate and a major spinoff element,Neutral,,kaggle,4,Nostalgia & Emotion
stranger things creator seems to suggest they made a mistake putting in an easter egg that fans took the wrong way,Negative,,kaggle,4,Nostalgia & Emotion
"‘stranger things 5’: duffer brothers unpack emotional series finale from one major sendoff to that 40-minute epilogue, those needle drops & a spinoff hint",Positive,,kaggle,4,Nostalgia & Emotion
'stranger things' creators address viral fan theory about season 5 deleted scenes [exclusive],Positive,,kaggle,4,Nostalgia & Emotion
‘stranger things: tales from ‘85’ | official announcement | netflix,Neutral,,kaggle,4,Nostalgia & Emotion
stranger things last episode,Neutral,,kaggle,4,Nostalgia & Emotion
should limited series become the norm to avoid the 2 to 3 year waits that are now endemic in multi-season shows?,Negative,,kaggle,3,Writing Criticism
stranger things spoiler free feelings share,Positive,,kaggle,4,Nostalgia & Emotion
disliked stranger things,Negative,,kaggle,4,Nostalgia & Emotion
the 'stranger things' finale - a farewell to monoculture?,Neutral,,kaggle,4,Nostalgia & Emotion
there may never be another show like ‘stranger things’,Positive,,kaggle,4,Nostalgia & Emotion
stranger things and stephen king,Neutral,,kaggle,4,Nostalgia & Emotion
question about stranger things,Neutral,,kaggle,4,Nostalgia & Emotion
my critique of stranger things season 5 and the finale...,Neutral,,kaggle,4,Nostalgia & Emotion
"when hiding items from your watch history, is the account owner notified?",Negative,,kaggle,3,Writing Criticism
specific 'plotholes' or anything unaddressed in stranger things,Neutral,,kaggle,4,Nostalgia & Emotion
stranger things. the finale was flat on purpose,Neutral,,kaggle,4,Nostalgia & Emotion
netflix doesn’t hit the same anymore,Neutral,,kaggle,3,Writing Criticism
"stranger things finale: what happened to erica, murray and mr. clarke? the duffer brothers weigh in",Neutral,,kaggle,4,Nostalgia & Emotion
stranger things finale digital cinema package (dcp),Neutral,,kaggle,4,Nostalgia & Emotion
the most unbelievable thing in stranger things 5,Positive,,kaggle,4,Nostalgia & Emotion
netflix in theaters?,Neutral,,kaggle,3,Writing Criticism
i can’t believe so many popular netflix shows were disappointing,Neutral,,kaggle,3,Writing Criticism
stranger things is quite something !,Neutral,,kaggle,4,Nostalgia & Emotion
stranger things 5: my (hot) take (spoiler alert),Neutral,,kaggle,4,Nostalgia & Emotion
self aware,Neutral,,kaggle,0,Eleven Survival Theories
binge list,Neutral,,kaggle,3,Writing Criticism
stranger things 5 finale mixed feelings,Neutral,,kaggle,4,Nostalgia & Emotion
"we, yes we need a stranger things horror game",Negative,,kaggle,4,Nostalgia & Emotion
"netflix's ""second screen"" writing ideology doesn't give me hope for netflix's future releases.",Negative,,kaggle,3,Writing Criticism
how did they have courage to produce something like stranger things s5?,Positive,,kaggle,4,Nostalgia & Emotion
stranger things officially ends its run since 2016... do you think eleven is alive?,Positive,,kaggle,4,Nostalgia & Emotion
thoughts on stranger things,Neutral,,kaggle,4,Nostalgia & Emotion
where were the goatgorgons,Neutral,,kaggle,3,Writing Criticism
what are your top 6 netflix shows ever?,Positive,,kaggle,3,Writing Criticism
stranger things spinoff,Neutral,,kaggle,4,Nostalgia & Emotion
no more hawkins and it's beautiful people 😭,Positive,,kaggle,3,Writing Criticism
